train_runtime,train_samples_per_second,train_steps_per_second,train_loss,epoch,batch_size,total_flos
2425.8181,30.917,1.933,0.25534291591794794,3.0,16,
2398.7046,31.267,0.978,0.2650448570674236,3.0,32,
2448.5217,30.631,0.479,0.28236866566429564,3.0,64,
4556.6679,16.459,0.129,0.3112893072115321,3.0,128,
9330.4597,8.038,0.032,0.35917681739443824,3.0,256,
FAILED,FAILED,FAILED,FAILED,FAILED,512,FAILED
