train_runtime,train_samples_per_second,train_steps_per_second,train_loss,epoch,batch_size,total_flos
2615.7227,28.673,1.793,0.2574620359766125,3.0,16,
2606.1318,28.778,0.9,0.2654318260719709,3.0,32,
2603.117,28.812,0.451,0.2823666493707707,3.0,64,
2862.9028,26.197,0.205,0.3112901441094016,3.0,128,
FAILED,FAILED,FAILED,FAILED,FAILED,256,FAILED
