train_runtime,train_samples_per_second,train_steps_per_second,train_loss,epoch,batch_size,total_flos
1531.3382,48.977,3.062,0.25682562504477735,3.0,16,
1554.8644,48.236,1.509,0.26505871095519135,3.0,32,
1544.9908,48.544,0.759,0.2823666493707707,3.0,64,
1552.6414,48.305,0.379,0.3112917984423994,3.0,128,
1707.9282,43.913,0.172,0.35917624648736446,3.0,256,
FAILED,FAILED,FAILED,FAILED,FAILED,512,FAILED
