train_runtime,train_samples_per_second,train_steps_per_second,train_loss,epoch,batch_size,total_flos
569.4776,131.7,8.234,0.25587708173618817,3.0,16,
548.4288,136.754,4.278,0.2650960871833873,3.0,32,
546.4443,137.251,2.147,0.28227153885395023,3.0,64,
542.9173,138.143,1.083,0.31058487275830743,3.0,128,
544.9075,137.638,0.54,0.35983146615579825,3.0,256,
FAILED,FAILED,FAILED,FAILED,FAILED,512,FAILED
