train_runtime,train_samples_per_second,train_steps_per_second,train_loss,epoch,batch_size,total_flos
524.695,142.94,8.937,0.2561188785474065,3.0,16,
502.5434,149.241,4.668,0.264988687032324,3.0,32,
491.1324,152.708,2.388,0.28148304125435414,3.0,64,
483.0604,155.26,1.217,0.31020068797935435,3.0,128,
FAILED,FAILED,FAILED,FAILED,FAILED,256,FAILED
