batch_size,avg_time_per_epoch
32,1017.2945216249985
64,1017.4000618333326
128,1067.2875440000014
