batch_size,avg_time_per_epoch
32,1032.633478889009
64,1005.9326632360074
128,1095.0799223056529
