batch_size,avg_time_per_epoch
32,987.3942983053372
64,938.9334349999941
128,926.6391786109986
