batch_size,avg_time_per_epoch
32,670.9488240416686
64,643.0623972083316
128,646.8598695833352
