batch_size,avg_time_per_epoch
64,73.06958062481135
128,53.916019125143066
256,50.506629292154685
512,47.8884123750031
1024,48.8558597501833
