batch_size,avg_time_per_epoch
16,148.9555805668002
32,84.19183269999921
64,47.784369324997535
128,27.257267208397387
256,25.221530308196087
512,25.288347141596024
1024,22.15307903320063
