batch_size,avg_time_per_epoch
16,161.3108821416
32,78.47156926660008
64,51.766306616599834
128,30.707800908399985
256,21.072617524999988
512,20.989195516600013
1024,25.48777924999995
