batch_size,avg_time_per_epoch
32,1575.0388523889997
64,3207.9679787636655
128,2587.5894250556644
