batch_size,avg_time_per_epoch
16,149.33609456659997
32,81.23528855000004
64,49.6020009418
128,40.31359892500004
256,37.71170701680003
512,36.15389770820002
1024,34.848360266599954
