batch_size,avg_time_per_epoch
16,184.64420020820006
32,100.494637675
64,57.73143534160008
128,47.85386208340005
256,45.071362191600016
512,44.342994816600005
1024,43.35281533319994
