batch_size,avg_time_per_epoch
16,132.78998702500002
32,89.12323289179994
64,67.47725710819995
128,58.35523201680007
256,54.51674566679994
512,52.03046636659983
1024,51.9580059165999
