batch_size,avg_time_per_epoch
16,205.14151764179115
32,114.19485149160028
64,64.02524264161475
128,51.725963208405304
256,49.920038400008345
512,47.91459840000607
1024,48.901884791604246
