batch_size,avg_time_per_epoch
32,332.85949335728463
64,318.5872707469389
128,313.0237473415521
