batch_size,avg_time_per_epoch
16,58.2923752611503
32,33.07459633499384
64,19.173787624388932
128,12.029756792169064
256,8.469756929390133
512,7.808959643729031
1024,7.437388936150819
