batch_size,avg_time_per_epoch
32,328.7046056459999
64,292.85519316833324
128,257.27568483533315
