batch_size,avg_time_per_epoch
16,115.3452957426
32,62.31742107519999
64,43.363982928
128,31.450304859800053
256,19.419273650800005
512,19.393532804200003
1024,11.809973514800003
