batch_size,avg_time_per_epoch
16,303.0134050415989
32,184.38392894999998
64,134.28747648339922
128,120.64122668339988
256,115.48426262500143
512,110.64569474180026
1024,109.70000765000005
