batch_size,avg_time_per_epoch
16,383.19236893339985
32,225.4219528831978
64,153.7026192084013
128,121.98482372500003
256,116.21503848319989
512,113.34639370839868
1024,110.80272808320005
