batch_size,avg_time_per_epoch
32,775.4842313886669
64,767.2547952499978
128,774.9688542220005
