batch_size,avg_time_per_epoch
32,1154.9088756946633
64,1153.2645214443328
