batch_size,avg_time_per_epoch
16,330.25597302499955
32,211.00030125839984
64,152.73698298340022
128,124.97272446660062
256,113.28274693319982
512,112.51172307499947
1024,110.84517355820135
