batch_size,avg_time_per_epoch
16,437.6034881500003
32,248.60223550820083
64,164.78200595840173
128,127.25892141660151
256,119.97889474999974
512,114.71728076659784
1024,112.30203669999901
