batch_size,avg_time_per_epoch
32,1266.549370500007
64,1200.8012103056633
128,1186.3808301806664
