batch_size,avg_time_per_epoch
16,311.33577428340067
32,194.67217928320025
64,138.90752104999993
128,117.29523603339912
256,114.84013164159987
512,111.49198255000083
1024,110.49978799999954
