batch_size,avg_time_per_epoch
32,1279.4323300553322
64,1213.8496402499975
128,1205.5269839303364
256,FAILED
