batch_size,avg_time_per_epoch
16,404.67539153341204
32,230.44326376661192
64,151.62955904998816
128,120.03077083339448
256,115.48859985000453
512,113.47695701660123
1024,111.09255750838201
