batch_size,avg_time_per_epoch
16,122.94374606259998
32,81.29823412360001
64,58.51855647539996
128,60.75432360539999
256,39.30047886200009
512,37.24187731080001
1024,34.280550958599996
