batch_size,avg_time_per_epoch
16,52.24963461775333
32,27.800227800477295
64,17.22838211180642
128,11.842309796065091
256,10.023274022806437
512,9.457086602412165
1024,8.530665774457157
