batch_size,avg_time_per_epoch
32,286.1672895780454
64,281.51912301670137
128,285.2718501399892
