batch_size,avg_time_per_epoch
16,816.1623666367996
32,411.51719482059997
64,210.2058555088006
128,110.49317469560046
256,58.705625210400015
512,34.8053188458
1024,23.048199376000003
2048,18.30606830680008
3072,16.47321332779974
4096,19.858825911799794
