batch_size,avg_time_per_epoch
16,96.84562273060001
32,57.28930765880004
64,34.11284488260007
128,23.48668880260002
256,17.850459637600032
512,15.596215239399953
1024,15.064376836800056
