batch_size,avg_time_per_epoch
32,604.2824396803331
64,580.8566365773331
128,591.3937331590001
