batch_size,avg_time_per_epoch
16,186.32364694277445
32,162.63966234525046
64,155.945854028066
128,161.16359663009644
