batch_size,avg_time_per_epoch
16,158.07639606793722
32,138.934600909551
64,120.7503666083018
128,114.80187161763509
