batch_size,avg_time_per_epoch
16,211.14532534281412
32,182.09144202868143
64,178.21422592798868
128,172.24587869644165
