batch_size,avg_time_per_epoch
16,223.3799863656362
32,194.7199669679006
64,190.41698344548544
128,194.68140165011087
