batch_size,avg_time_per_epoch
16,177.51724934577942
32,150.7669596672058
64,138.56261237462363
128,132.47729436556497
