batch_size,avg_time_per_epoch
16,175.87964979807535
32,177.17312280337015
64,182.24511822064719
128,182.92864243189493
