batch_size,avg_time_per_epoch
16,18.382678667704266
32,15.082591772079468
64,13.508471250534058
128,11.10114018122355
