batch_size,avg_time_per_epoch
16,33.56022310256958
32,24.59867199261983
64,21.30341323216756
128,23.594334443410236
